{
    "eta" : 0.5,
    "beta"  : 0.2,
    "lamb"  : 0.3,
    "mu" : 1.4,
    "l1" : 0.1,
    "l2" : 0.1,
    "l3" : 1,
    "l4" : 0.1,
    "l5" : 1,
    "LR_IMG" : 0.001,
    "LR_TXT" : 0.001,
    "LABEL_DIR" : "F:/sdata/ms-coco-lall.mat",
    "IMG_DIR" : "F:/sdata/ms-coco-iall.mat",
    "TXT_DIR" : "F:/sdata/ms-coco-yall.mat",
    "HASH_BIT" : 128,
    "BATCH_SIZE" : 128,
    "MOMENTUM" : 0.9,
    "WEIGHT_DECAY" : 5e-4,
    "GPU_ID" : 0,
    "NUM_WORKERS" : 0,
    "EPOCH_INTERVAL" : 2,
    "NUM_EPOCH" : 150,
    "topk" : 500,
    "EVAL_INTERVAL" : 150,
    "MODEL_DIR" : "./checkpoints",
    "CHECKPOINT" : "mscoco_128bit.pth",
    "ALPHA" : 1,
    "BETA" : 1,
    "RL_TRIALS": 100,
    "QLMODEL_DIR" : "E:\\QLM\\MSCOCO"
}
