{
    "eta" : 0.5,
    "beta"  : 0.2,
    "lamb"  : 0.3,
    "mu" : 1.4,
    "l1" : 0.1,
    "l2" : 0.1,
    "l3" : 1,
    "l4" : 0.1,
    "l5" : 1,
    "LR_IMG" : 0.01,
    "LR_TXT" : 0.01,
    "LABEL_DIR" : "D:\\sdata\\NUS-WIDE-TC10\\nus-wide-tc10-lall.mat",
    "TXT_DIR" : "D:\\sdata\\NUS-WIDE-TC10\\nus-wide-tc10-yall.mat",
    "IMG_DIR" : "D:\\sdata\\NUS-WIDE-TC10\\nus-wide-tc10-iall.mat",
    "HASH_BIT" : 128,
    "BATCH_SIZE" : 128,
    "MOMENTUM" : 0.9,
    "WEIGHT_DECAY" : 5e-4,
    "GPU_ID" : 0,
    "NUM_WORKERS" : 0,
    "EPOCH_INTERVAL" : 2,
    "NUM_EPOCH" : 100,
    "topk" : 500,
    "EVAL_INTERVAL" : 100,
    "MODEL_DIR" : "./checkpoints",
    "CHECKPOINT" : "nuswide_128bit.pth",
    "ALPHA" : 1,
    "BETA" : 1,
    "RL_TRIALS": 100,
    "QLMODEL_DIR" : "E:\\QLM\\Nuswide"
}
